App Name,Skill(s),Product(s),Description,Resource Type ,Resource Links,Website URL (if applicable):,Resources,Audit Date
"""Iron Chef"" EduProtocol","Communication, Collaboration (WICOR), Creativity/Design, Critical Thinking, Research","Performance, Visual","In small groups (3-4), students respond to a prompt on a shared Google slide (see template in resources) and then do a short presentation to teach the class what they have learned - similar to a jigsaw.

Sample prompts for different groups for . . .Science
- Describe the first phase of photosynthesis. 
- Describe the second phase of photosynthesis?
- What parts of the cell are involved in photosynthesis?
- What is ATP?  Explain the parts.

Sample prompts for different groups for . . .Social Studies 
- List some reasons why countries go to war.  Explain each one.
- What was the political and economic situation in Germany before WWII?
- What sparked WWII and why?
- Describe the alliances formed between countries in WWII.
- Describe the weaponry and tactics used in WWII.",Strategy,"Video: Iron Chef Lesson
Video: Iron Chef 101
Iron Chef Lesson Google Slides Template",Loading...,Loading...,
"""Stop Thinking For Students"" Strategies",,,,,,,,
10-2-2: Updating Notes Method,"Collaboration (WICOR), Critical Thinking",Writing,"Updating Notes takes minimal preparation and it is a great way to use the 
Here’s how to do it:
- Lecture for 10 minutes
- Give students 2 minutes to share and compare their notes with a partner (collaboration).
- Give students 2 minutes to make revisions in their notes.

This technique allows students to take a break from listening, reflect, interact with peers, fill in gaps, develop joint questions as well as encouraging them to create better notes.",Strategy,"Video: 10-2-2 Method
10-2-2 Notetaking Structure
10-2-2 Presentation Method
10-2-2 AVID strategy from AVID/WICOR Google Site",,Loading...,
10-Day Gratitude Journal,"Writing (WICOR), SEL (Social emotional learning), Communication",Writing,"Practicing gratitude has powerful benefits for students including better mental health, greater resilience, stronger social connections, stress reduction, and a more positive mindset about the future.
A Gratitude Journal is a personal reflection (ungraded) with brief entries and optional sharing with peers or the whole class.
This article lists gratitude prompts for 15 days, but this can be shortened as needed.  Each week has a theme . . .
- Week 1: Reflecting on Our School Year\
- Week 2: Appreciating Our Present
- Week 3: Looking Forward with Gratitude
It also has activity ideas such as a gratitude circle, gratitude wall, thank-you letter writing, gratitude quotes, and even planting a gratitude garden. 
Students can continue this journal over the summer to benefit and grow even more",Strategy,End the Year with Gratitude: A 15-Day Journal Practice for Students,,Loading...,
6 Ways to Capture Student Attention,Planning,,"Today’s students crave constant stimulation and entertainment. Ideas to draw them in include -  Read the article for examples.
1. Surprise Them - Add novelty or something unusual/unexpected to arouse curiosity 😲.  Could be a song, odd clothes/accessory.
2. Present Odd Facts, Anomalies - Give students info that contradicts their intuition or a live demo that defies logic 🤯.
3. Invite Student Predictions - Students guess what will happen and eagerly anticipate the “Big Reveal” 😅.
4. Pose a Provocative (Hook) ? - Seek out a burning, open-ended question related to your lesson content. Students will 🤔.
5. Cite a Current Event/Issue - Raise awareness of breaking news 📰 relevant to them. Ask for their reaction/opinion.
6. Be Humorous - Use a funny joke 😂, meme, cartoon, comic strip, song, or video to give students a shot of dopamine and segue into your lesson with momentum.",Strategy,,Loading...,,
Actively Learn,"Reading (WICOR), Critical Thinking, Digital Literacy, Collaboration (WICOR), Communication",,"A digital reading platform that builds critical thinking and digital literacy by embedding questions and scaffolds directly into texts. It fosters collaboration and communication through shared annotations, allowing students to discuss complex ideas in real-time as they read",App - Classlink,,Loading...,Loading...,
Adobe Express,"AI (Artificial intelligence), Collaboration (WICOR), Communication, Creativity/Design",Visual,"A versatile creativity/design tool for creating graphics (Including an AI Image Generator), web pages, and short videos with ease. Students can turn their ideas into visually compelling digital stories.",App - Classlink,,Loading...,Loading...,
Adobe Firefly AI,,,,,,,,
Adobe Podcast,"Communication, Creativity/Design, Collaboration (WICOR), Writing (WICOR)","Auditory, Performance","An AI-enhanced audio tool that focuses on high-quality communication and storytelling. It assists in creativity/design by removing background noise, making student podcasts sound professional.",App - Web-based,,Loading...,Loading...,
Adobe Podcasting,"AI (Artificial intelligence), Communication, Writing (WICOR), Planning",Auditory,"Looking to bring student voices to life? Adobe Podcast is an easy-to-use, browser-based audio tool that lets students record, edit, and enhance their podcasts—all with professional sound quality. With its AI-powered “Enhance Speech” feature, even recordings from a Chromebook sound studio-clear!  Check out this How-to Guide.
Teachers can use Adobe Podcast in any subject
- English: Create character interviews or thematic discussions.
- Social Studies: Record historical reenactments or current event analyses.
- Science: Produce “Science Explained” segments to summarize complex topics.
No fancy equipment needed—just a Chromebook and creativity. Adobe Podcast helps students build communication, storytelling, and digital literacy skills while making learning more engaging.",App - Web-based,"How-to Guide
How to Record and Edit Audio",Loading...,Loading...,
Almanack AI,"AI (Artificial intelligence), Planning",,"An AI platform that is user friendly and generates educational materials including:
- Curriculum-aligned lesson plans
- Group activities
- Choice boards
- Critical thinking questions
- Real world applications
- Graphic organizers
And so much more
It integrates with many different platforms, including:
- Google Slides
- Google Docs
- Kahoot
- Quizlet
- Blooket
And many more
Log in with your school Google account",App - Web-based,,Loading...,,
Amplify Classroom,,,,,,,,
Animate a Character,"Communication, Creativity/Design, AI (Artificial intelligence)",Visual,"Your students can make an animated character with a custom background to tell a story, read a poem, demonstrate their learning, practice speaking in another language, and much more",App - Classlink,,Loading...,,
BBC Learning Hub,Planning,,"A library of high quality K-12 resources such as . . .  
- Videos
- Collections
- Lesson plans
- Blog posts . . . and more
Go to the Search page to filter resources by grade level, type, subject, and topic. Register using your personal Google account to access all resources. ",,"Video: Teacher Picks: BBC Learning Hub
BBC Learning Hubs Free Video and Lesson Library",Loading...,Loading...,
Bell Ringer Bonanza,Planning,,"7 amazing sources of content to spark curiosity, discussion, or a short written response to hook your students after the bell.
1. CNN 10 - A daily 10-min video digest of current news.  Access the YouTube video and ask ChatGPT create questions for you.
2. NY Times Learning Network - News articles, quizzes, writing prompts, vocab, photos, and graphs to analyze!
3. Newsela - Share articles at different Lexile levels.  Latest news, science, primary sources.
4. TED-Ed - A fascinating, diverse library of vids and articles on everything with built-in ?s.
5. Smithsonian Magazine (fka Tween Tribune) - Articles on current events, history, science, arts & culture, travel, and podcasts!
6. HowStuffWorks - An eclectic, whimsical amalgamation of articles and embedded videos that has something for everyone.
7. BBC Newsround - A student-friendly news site with videos and articles from across the pond.",Website,"CNN 10
NY Times Learning Network
Newsela
TED-Ed
Smithsonian Magazine
HowStuffWorks
BBC Newsround",,Loading...,
Blooket,Recall (Interactive games),Visual,A game-based learning platform that boosts recall through various high-energy game modes. It builds student engagement and provides teachers with useful data analysis on class performance.,App - Web-based,Blooket YouTube Channel,Loading...,Loading...,
Book Creator,"Communication, Creativity/Design, Planning, Writing (WICOR)",Visual,"A simple but powerful tool for creativity/design and writing digital books. Students can combining text, images, audio, and video into a finished book that tells a story about their learning.",App - Web-based,,Loading...,,
Bounce Cards,,,,,,,,
Brisk Teaching AI,,,,,,,,
Building Relationships,,,,,,,,
Canva,"AI (Artificial intelligence), Communication, Creativity/Design, Collaboration (WICOR)","Visual, Writing","The BEST creativity/design app available.  It provides templates for everything from posters to presentations.  Built-in AI image generation, video creation, and much more. Students can collaboration on designs",App - Web-based,Canva Teacher Essentials,Loading...,[Canva Teacher Essentials](https://www.canva.com/design-school/courses/teacher-essentials),
Canva Polls and Quizzes,"Communication, AI (Artificial intelligence), Data Analysis, SEL (Social emotional learning)",,Add poll and quiz questions to your Canva slides to skyrocket engagement and interactivity!  Pick a ready-made template or use built-in AI to make a question for you. Do a quick SEL check-in or check for understanding as you present content. Students can add a poll/quiz to their next presentation to engage their audience. Easily view/download responses in real-time! ,App - Web-based,"Video: Polls and Quizzes in Canva
Reimagine learning with Canva’s new interactive features
Add Forms and Quizzes to Slides
Save time with the AI-powered Quiz Generator",Loading...,"[Video: Polls and Quizzes in Canva
](https://www.youtube.com/watch?v=SduY8ES7p0Q)
[Reimagine learning with Canva’s new interactive features
](https://www.canva.com/newsroom/news/interactive-learning-launch/)
[Add Forms and Quizzes to Slides
](https://www.canva.com/help/polls-quizzes/)
[Save time with the AI-powered Quiz Generator](https://www.canva.com/newsroom/news/interactive-learning-launch/#:~:text=Save%20time%20with%20the%20AI%2Dpowered%20Quiz%20Generator)",
Canva Whiteboard,"Collaboration (WICOR), Communication, Organization (WICOR), Planning",Visual,An infinite canvas that combines Canva’s design assets with real-time collaboration. It is perfect for group planning and mapping out creative ideas visually.,App - Web-based,Video: Design Whiteboard Activities,Loading...,Loading...,
Choice Boards,Planning,N/A,"Students thrive and engagement soars when they are given a choice of what product to create to demonstrate their learning.  But what choices should you offer, what tools are available, and what rubric should you use?

Check out this “Make a Choice Board” document that will walk you through the process AND provide examples of choice boards that you can copy and modify. It even has rubrics!  More choice board options.

Tips for Choice Board Success
- Start small - too many choices can be overwhelming for students.  Start with 3.
- Set time limits - use a timer to keep students progressing through the process such as picking a partner (1 min), picking a topic/product (2 min), finishing a rough draft (30 min), self-grade/reflect (10 min)
- Constant feedback - Regularly circulate the room to check that students’ products align with the rubric requirements.  Comment on their work frequently.",Strategy,"Choice Boards: Benefits, Design Tips, and Differentiation
Using Choice Boards for Students to Differentiate Instruction
Make a Choice Board planning template",,"[Choice Boards: Benefits, Design Tips, and Differentiation](https://catlintucker.com/2021/08/choice-boards101/)
[
](https://docs.google.com/document/d/175tCfDFIeYbaVpK9_9bn6_D0qikCoDSfFD8ze5tKVWI/edit?usp=sharing)
[Using Choice Boards for Students to Differentiate Instruction
](https://www.hmhco.com/blog/choice-boards-for-students?srsltid=AfmBOopzVGtQINyEFX9v25gKzWCiOf5AObHrf13sKKWL2khBmY_ReRJc)
[Make a Choice Board planning template](https://docs.google.com/document/d/175tCfDFIeYbaVpK9_9bn6_D0qikCoDSfFD8ze5tKVWI/edit?usp=sharing)",
Class Discussion Techniques,"Communication, Critical Thinking, Writing (WICOR)",Writing,"Students who interact, share, and learn from each other build a community of learners in the classroom that develops their self-efficacy and communication skills.  Try these techniques to slowly get them there - 
- Quiz, Quiz, Trade - Give each student a question.  Stand up, hands up -- students pair up with someone with a hand up.  Partners quiz each other, switch ?s, repeat the process with hands up to pair up again.
- Opinion Poll - Give each student a poll question and have them ask the ? to as many students as possible in 7 min.  Then, ask students to briefly summarize their results.
- Brainwriting - Students write down their ideas about a ? or topic for 2-3 min. Each student passes their paper to another student to read and add new ideas.  Repeat this until they get their original paper back.  
Learn about more techniques by clicking on the resource.",Strategy,Class Discussion Techniques Explained ,Loading...,[Class Discussion Techniques Explained ](https://drive.google.com/file/d/1g3cDb9O7v15rZJAlLjVwAu5OOplfrYVB/view?usp=sharing),
Claude AI,,,,,,,,
Comprehension Clash,"Writing (WICOR), Communication, Critical Thinking, Recall (Interactive games)","Writing, Performance","At the end of the unit, students respond to a question - “What is the unit’s most important piece of information?” - first through solo writing and then through mini-debates.  Great way to review and promote communication and critical thinking.
Watch this video and read this article to learn more.  Download the guide too!""",Strategy,"Video: Cultivate Deeper Understanding with a Comprehension Clash
Cultivating Deeper Understanding with a Comprehension Clash blog post
Comprehension Clash Workshop Guide (pdf)",,"[Video: Cultivate Deeper Understanding with a Comprehension Clash
](https://youtu.be/72wSj3GKXHk)
[Cultivating Deeper Understanding with a Comprehension Clash blog post
](https://www.edutopia.org/video/cultivating-deeper-understanding-with-a-comprehension-clash)
[Comprehension Clash Workshop Guide (pdf)](https://wpvip.edutopia.org/wp-content/uploads/2024/08/Edutopia-Beachboard-Comprehension-Clash-Guide.pdf)",
Concept Maps,"Organization (WICOR), Critical Thinking, Data Analysis",Visual,"Students can use concept maps (WICOR) to organize info into a visual to make stronger mental connections between concepts than traditional notes. 
Follow these steps to utilize this strategy --
1. Choose an appropriate format - Is your topic hierarchical?  A process?  Problem solving? Decision making? Compare/ contrast?  Read about different maps HERE. Copy and edit the map you want from the Google Drawing repository, AVID site, or Canva templates (see Resources).  You may also make your own using SmartDraw, Lucidchart, or Google Drawings
2. Create an “Answer key” - Organize the content info into your map to check that the spacing/# of boxes, etc.. is appropriate.      
3. Model how to use the map - Show students how to add info initially and then gradually release!  Or, start with interpreting/analyzing a completed map.
4. Reflect - Ask students - How did creating the map help you understand the concept?  Were there any surprises/challenges?
LEVEL UP - Put students in groups to create concepts maps on the vertical whiteboards!",Strategy,"Concept Maps: A powerful meaning-making tool
Google Drawing repository
Graphic Organizers - AVID Open Access
Graphic Organizer Templates - Canva
SmartDraw
LucidChart (How-to Video)",,"[Concept Maps: A powerful meaning-making tool
](https://catlintucker.com/2024/10/concept-maps/#:~:text=By%20allowing%20students%20to%20visually,long%2Dterm%20retention%20of%20knowledge.)
[Google Drawing repository](https://drive.google.com/drive/folders/0B6VKCQFTLg9dNXExcFd6Y1IyNFk?resourcekey=0-Z8N9qR013YJis19wSeU03g&usp=sharing)

[Graphic Organizers - AVID Open Access
](https://avidopenaccess.org/resource/graphic-organizers/)
[Graphic Organizer Templates - Canva
](https://www.canva.com/graphs/templates/concept-maps/)
[SmartDraw
](https://www.smartdraw.com/mind-map/concept-map-maker.htm?id=381950&gad_source=1&gad_campaignid=21287716274&gbraid=0AAAAAD_wclZRlpu63Lb37JO9kyXOKY2c1&gclid=EAIaIQobChMIko7L2vOikQMVAWVHAR1PajTKEAAYAiAAEgLCW_D_BwE)
[LucidChart](https://www.lucidchart.com/pages/landing/concept-map-software?utm_source=google&utm_medium=cpc&utm_campaign=_chart_en_us_mixed_search_brand_phrase_&km_CPC_CampaignId=1458000413&km_CPC_AdGroupID=57044755832&km_CPC_Keyword=%2Blucid%20chart%20%2Bconcept%20%2Bmap&km_CPC_MatchType=b&km_CPC_ExtensionID=&km_CPC_Network=g&km_CPC_AdPosition=&km_CPC_Creative=476085191277&km_CPC_TargetID=kwd-1153343370944&km_CPC_Country=9215314&km_CPC_Device=c&km_CPC_placement=&km_CPC_target=&gad_source=1&gad_campaignid=1458000413&gbraid=0AAAAADLdSjDVUwPdmiFGjhQxR-msuogNr&gclid=EAIaIQobChMI4fSw2PSikQMVG2pHAR1A-DJFEAAYASAAEgIPc_D_BwE)
 ([How-to Video](https://www.youtube.com/watch?v=7QcYZ2ggvyA)
)",
"Databases (Division-sponsored) - Gale, ProQuest, World Book Online, Britannica, Destiny, Encyclopedia","Digital Literacy, Research",,Division resources that provide reliable information about almost any topic.  A great way to verify information from other sources such as AI.,App - Classlink,,Loading...,,
Diffit,"AI (Artificial intelligence), Planning",,"An AI-powered educational tool designed to quickly differentiate instructional materials for students with varying reading levels and learning styles.
Key Features
- Generates versions for different reading levels
- Translates materials easily into different languages
- Transforms materials into different types of worksheets
- Works across various subjects such as  science, history, and literature
Can be used with books, articles, YouTube videos, text or PDFs, vocabulary lists or create its own text base on the your topic.  Check out these resources",App - Web-based,"Diffit for Teachers YouTube Channel
Video: What is Diffit?
Diffit Resources",Loading...,Loading...,
Eduaide AI,,,,,,,,
EduGem AI,"AI (Artificial intelligence), Planning, Creativity/Design, Critical Thinking","Visual, Writing","A HUGE collection of pre-made gems (Custom AI chatbots in Google Gemini) for everything from lesson planning, to games, student support and differentiation and more!  You can access the gems to use and/or copy and edit them to better suit your needs.",Website,,Loading...,,
Fan-N-Pick,"Collaboration (WICOR), Communication, Critical Thinking","Visual, Auditory","Fan-N-Pick is a Kagan cooperative learning strategy that can be used in any subject. Students work in groups of four to review content using question cards.  Use it to practice collaboration skills (WICOR). Follow these steps-

1. Create Question Cards - based on the content you are teaching.  Questions should be open-ended to promote thinking and discussion.  Ask AI to help you create them! 
2. Group and # Students - 4 per group.
3. Student 1 - holds the question cards in a fan and says, “Pick a card, any card!”
4. Student 2 - picks a card, reads the question aloud and allows 5 seconds of “think time”.
5. Student 3 - answers the question.
6. Student 4 - paraphrases and praises or coaches to the corret answer.
7. Students rotate the roles and repeat the process for each new round.  This activity ensures equal participation, builds communication skills, and reinforces learning through questioning and peer support.",Strategy,"Fan--N-Pick Kagan Structure
Video: Fan-N-Pick Explained
Video: Discourse Strategies for Inquiry Science
Video: Cooperative Learning Demo
Fan-N-Pick Role Mat",,"[Fan--N-Pick Kagan Structure](https://drive.google.com/file/d/1ss4G5I9UCpzoHI65-iFqzmetaDkQlrh1/view?usp=sharing)

[Video: Fan-N-Pick Explained](https://youtu.be/DNGLINpDDNo?si=MkejPboKyQfMHsqH)

[Video: Discourse Strategies for Inquiry Science](https://youtu.be/hkoKSYpPCQE?si=g1lFkcDm2qlIBZwM)

[Video: Cooperative Learning Demo](https://youtu.be/SMt32FvkYAc?si=zCG1r0JqsYN2bp-y)

[Fan-N-Pick Role Mat](https://drive.google.com/file/d/1DSnTYhYN9vbUpKeC4lwXvu3J8Vqh_zYO/view?usp=sharing)",
Figjam,"Collaboration (WICOR), Communication, Organization (WICOR), Planning",Visual,"An online whiteboard tool that emphasizes collaboration and design thinking. It includes features for voting and sticky notes, helping teams with organization and collective decision-making.",App - Web-based,,Loading...,,
Figjam,,,,,,,,
Flippity,,,,,,,,
Formative,,,,,,,,
Four Corners Discussion,,,,,,,,
Gemini AI Nano Banana,"AI (Artificial intelligence), Critical Thinking, Creativity/Design",Visual,"Students can create infographics, book covers/illustrations, timelines, graphic organizers, images for slides, comic strip scenes, diagrams, movie posters, etc.. 
Limits: 3 Pro images/day and 100 Fast images/day.",App - Web-based,"Video: The Nano Banana Method for Perfect AI Images
The Ultimate Guide to AI Infographics
Complete Guide to Nano Banana Pro",Loading...,"[Video: The Nano Banana Method for Perfect AI Images
](https://www.youtube.com/watch?v=J0mTmAkn00g)
[The Ultimate Guide to AI Infographics
](https://www.controlaltachieve.com/2025/11/infographics.html)
[Complete Guide to Nano Banana Pro](https://x.com/GoogleAIStudio/status/1994480371061469306?s=20)",
Gemini Gems,"AI (Artificial intelligence), Critical Thinking, Research, Digital Literacy","Visual, Writing","Create a custom chatbot that you can use over and over again! Make a gem to give feedback on student work using a rubric, create science experiments, generate a BTC-style lesson, or add WICOR to an assignment.  Google also has premade gems such as “Storybook”, “Career Guide”, and “Brainstormer”. You can share your Gems with other teachers (not students) too!",App - Web-based,"Building Custom AI Experts with Gems
Video: Creating and Sharing Gems",[Gemini Gems](https://gemini.google.com/gems/view),Loading...,
Gimkit (School-Sponsored),Recall (Interactive games),,"A gamified learning platform that uses competition to improve recall and engagement. Students use planning and strategy to manage in-game currency while reinforcing classroom content. With built-in Google Translate, students can translate directly in a live game. To enable it, click “Me” (top-right), select “Settings,” go to “Game Settings,” and toggle on “Allow Google Translate.”",App - Web-based,Video: Gimkit Tutorial for Teachers,Loading...,[Video: Gimkit Tutorial for Teachers](https://youtu.be/8tjqibXEsDM?si=KUmLbIsJKPxcjbSF),
Gimkit KitCollab,,,,,,,,
Gizmos,"Critical Thinking, Data Analysis, Problem-Solving",Visual,"An extensive library of interactive STEM simulations that foster critical thinking and data analysis through inquiry-based virtual labs. It encourages students to manipulate variables and test hypotheses, building a deeper understanding of complex math and science concepts through digital exploration.",App - Classlink,,Loading...,Loading...,
Gizmos,"Inquiry (WICOR), Critical Thinking",,"Engaging, interactive simulations on a variety of topics - mostly math and science.  Log into Gizmos by searching “Explore Learning” in Classlink.  You can search and/or filter the simulations by topic and/or standard.  
Check out these cool simulations - 
- Muscles and Bones - Health and PE -How do muscles, bones, etc... work?
- Rock Art - Geometry - Study transformations through ancient symbols.
- Phases of Water - Biology -  Heat/Cool water and observe phase changes
- Carbon Cycle - Environmental Science - Follow carbon through the atmosphere.  Do humans affect it?
- Point-Slope Form of a Line - Algebra - Vary coefficients to change the graph.
- Disease Spread - Biology - observe the spread through a population.",App - Classlink,Video: Exploring Gizmos Labs and Simulations,[Gizmos](https://gizmos.explorelearning.com/),Loading...,
Goblin.Tools,"Planning, Organization (WICOR)",Visual,"A unique set of AI tools designed to help with organization and planning, especially for neurodivergent learners. Its ""Magic To-Do"" list breaks down complex tasks into manageable steps to aid execution.",App - Web-based,,Loading...,Loading...,
Google Arts & Culture,Research,,A platform for research that provides access to global artworks and artifacts. It sparks creativity and cultural awareness by allowing virtual exploration of world history.,Website,,Loading...,Loading...,
Google Arts and Culture,"Data Analysis, Research",,"Explore an incredibly diverse set of resources -- 
heritage sites, around the world, Da Vinci’s inventions, cities of the future, Japanese design, Nigerian food, virtual museum tours, invention origins, The Great Barrier Reef, St Mark’s Basilica, Apple computers, . . . and much more!

They even have games such as visual crosswords, art coloring books ... and more.",Website,"Video: Teaching with Google Arts and Culture Website
Learn with Google Arts and Culture Tutorial
Google Arts and Culture Teacher Guide",Loading...,Loading...,
Google Docs,"Collaboration (WICOR), Communication, Creativity/Design, Writing (WICOR)",Writing,"The gold standard for writing and student collaboration on one document. It streamlines the feedback process, fostering better communication between teachers and students.",App - Classlink,,[Google Docs](https://docs.google.com/),Loading...,
Google Drawings,"Collaboration (WICOR), Creativity/Design",Visual,"A simple canvas for creativity/design. Make simple graphics, diagrams, and memes.  Students can collaborate on their designs.  Anything more complex ... use Canva or Adobe Express.",App - Classlink,,Loading...,Loading...,
Google Gemini AI,"AI (Artificial intelligence), Critical Thinking, Digital Literacy, Research, Planning","Visual, Writing","A generative AI assistant that supports research, writing, and critical thinking. Students can use it to brainstorm ideas, summarize long texts, and explore complex topics through dialogue.  Also, you can provide instructions for a  Gemini Gem custom chatbot to be used over and over on reptitive tasks or requests.  ",App - Classlink,"Gemini AI Tools for Educators
Video: Gemini Tools for Educators
Video: Creating and Sharing Gems
Video: How to Use Gemini Gems
Sample Prompts
Gemini Gem Mini-PL presentation",Loading...,Loading...,
Google Illuminate,"Digital Literacy, Communication",,"An experimental AI tool that transforms complex research papers into conversational audio ""podcasts."" It supports research and digital literacy by making dense academic content more accessible.",App - Web-based,,Loading...,,
Google Illuminate,"AI (Artificial intelligence), Communication, Creativity/Design",Auditory,"An AI-powered Google feature designed to support teachers by turning complex content into clear, engaging podcast style learning resources. It can summarize key ideas, highlight important concepts, and help generate explanations or examples that are more accessible for students. Google Illuminate offers a practical way to save time, differentiate instruction, and support student understanding.",App - Web-based,"Google Illuminate
Video: How-to use Google Illuminate",[Google Illuminate](https://illuminate.google.com/),Loading...,
Google Sheets,"Data Analysis, Communication, Critical Thinking, Organization (WICOR), Planning",Visual,"An essential tool for data analysis and organization, helping students manage large sets of information. It encourages critical thinking as students use formulas and charts to interpret their research findings.  Or, they can use it to track anything - habits, budgeting, personal goals, etc..",App - Classlink,,Loading...,,
Google Slides,"Collaboration (WICOR), Communication, Creativity/Design","Visual, Writing",A collaborative presentation tool that develops communication and organization skills. It enables real-time collaboration for teams to design slides that support oral reports or visual research.,App - Classlink,,Loading...,,
Google Trends,"Data Analysis, Critical Thinking, Research",Visual,A powerful research and data analysis tool that visualizes search behavior over time. It helps students develop critical thinking by identifying patterns and analyzing global or local interests.,Website,,[Google Trends](https://trends.google.com/trends/),,
Google Vids,"Collaboration (WICOR), Communication, Creativity/Design, AI (Artificial intelligence)",Visual,An AI-powered video creation app that assists in planning and design by generating initial scripts and storyboards. It leverages digital literacy to help students produce polished video content rapidly.,App - Web-based,,Loading...,,
Hexagonal Thinking,"Collaboration (WICOR), Organization (WICOR), Critical Thinking, Communication",Visual,"
This interactive activity encourages students to make meaningful connections through rich discussions with their peers. Using hexagon-shaped paper pieces labeled with key ideas, concepts, or terms, students collaborate to arrange them in a way that highlights their relationships. As they work, they must explain and justify their connections, deepening their understanding and sparking thoughtful conversations.  ",Strategy,"Video: Using Hexagons to Build Critical Thinking Skills
Hexagonal Thinking: Creating Connections in the Classroom",,Loading...,
Ideogram AI,"AI (Artificial intelligence), Creativity/Design",Visual,"Do you want to create AI graphics? Ideogram AI is a powerful text-to-image generator tool that turns your ideas into visuals in seconds.  Just type in a short prompt and watch it create professional-looking designs, posters, and logos. Watch the video to learn about the free features in Ideogram AI. You get 10 free credits per week to create your own designs. Go to Ideogram AI and create an account by selecting “Continue with Microsoft.”   ",App - Web-based,Video: How to Use Ideogram AI,Loading...,Loading...,
Inside-Outside Circle,,,,,,,,
Jigsaw,"Collaboration (WICOR), Communication, Critical Thinking",Performance,"A cooperative learning technique that creates student-centered learning.
1. Create diverse groups of 5-6 students 
2. One person per group is appointed as leader
3. Divide the lesson into 5-6 segments
4. Assign each student in the group one segment to learn
5. Give student time to read their segment 2 or 3 times
6. Form expert groups by having one student from the original jigsaw group  join others with the same topic - they should discuss the main points of their segment and rehearse presentations for the main group
7. Initial group comes back together and each student presents their portion to the group
8. Teacher as a facilitator, goes from group to group to observe the process
9. Give a quiz on the material, this helps the students to take responsibility",Strategy,Video: The Jigsaw Method,,Loading...,
Kahoot!,Recall (Interactive games),,A popular game-based tool for quick recall and formative assessment. It fosters a fun environment for communication and checks for understanding across any subject matter.  There are team modes too!,Website,,Loading...,,
Khanmigo,"AI (Artificial intelligence), Communication, Recall (Interactive games)",,An AI tutor from Khan Academy that guides students through critical thinking and problem-solving without giving the answers. It supports writing and math by acting as a personal coach.  You can even create a Blooket set from Khanmigo!,App - Web-based,"Video: Khanmigo for Teachers
Khanmigo Blooket Maker
Create Blooket Sets in Seconds with Khanmigo",Loading...,Loading...,
Learning Stations,"Communication, Critical Thinking, Time Management, Collaboration (WICOR)","Writing, Performance","Set up designated areas where students engage in diverse tasks to reinforce, explore, or apply concepts. They promote active learning, collaboration, and differentiation by allowing students to interact with content in multiple ways.
- Identify Objectives: Define the skills or concepts each station will target.
- Plan Activities: Design varied tasks for skill reinforcement, collaboration, and application.
- Organize Materials: Prepare labeled resources and tools for each station.
- Provide Clear Instructions: Use written or visual directions for independent work.
- Group Strategically: Form groups based on skill level or collaboration needs.
- Set Time Limits: Establish a rotation schedule with clear timing.
- Differentiate Tasks: Adjust task complexity or offer choices for diverse learners.
- Facilitate and Monitor: Circulate to support and assess understanding.
- Debrief: Conclude with reflection or an exit ticket for assessment.",Strategy,,,,
Lucid Chart,"Collaboration (WICOR), Communication, Creativity/Design, Data Analysis, Organization (WICOR)",Visual,"A professional diagramming tool used for planning and organization of complex systems. It builds critical thinking skills as students map out processes or logical structures. Mind maps, tree structures, classification, food webs, etc...",App - Web-based,,Loading...,,
Lucid Whiteboard,"Collaboration (WICOR), Communication, Organization (WICOR), Planning",Visual,A collaborative workspace designed for brainstorming and creativity/design. It facilitates real-time collaboration and visual communication during the early stages of a project.,App - Web-based,,Loading...,,
LucidChart and Lucid (Whiteboard),"Organization (WICOR), Critical Thinking, Creativity/Design",Visual,"Use Lucid to:
- Brainstorm, take notes and whiteboard in a digital space
- Collaborate with groups in real-time, communicate thinking
- Easily create diagrams, graphic organizer and other visuals
- Leverage pre-built, customizable templates, assignments, quizzes",App - Web-based,"Video Tutorial
Using Lucid in Canvas",Loading...,Loading...,
MagicSchool AI,"AI (Artificial intelligence), Communication, Critical Thinking, Research, Problem-Solving",,"A comprehensive AI suite that assists educators with planning, writing feedback, and much more. Students can access AI chatbots to learn, brainstorm, or get feedback on almost anything in a controlled environment.  Teachers can view all prompts and responses.",App - Web-based,MagicSchool AI YouTube Channel,[MagicSchool AI](https://www.magicschool.ai/),,
MagicStudent AI,"AI (Artificial intelligence), Critical Thinking, Recall (Interactive games), Research, Inquiry (WICOR), Creativity/Design","Visual, Writing","Launch to your students tools that include image generators, custom chatbots, writing feedback, research assistant, song generator, tutor me, character chatbots, and many more. Pick the tools, customize them for your content, and send them to your students.  They can use them for notes, revisions, or to answer their questions.",App - Web-based,"Video: MagicStudent Walkthrough
MagicStudent Presentation Slides
Video: Setting Up Student Rooms
MagicSchool AI YouTube Channel",Loading...,"Video: MagicStudent Walkthrough
MagicStudent Presentation Slides
[Video: Setting Up Student Rooms
](https://youtu.be/dgReVT3ddSs)
[MagicSchool AI YouTube Channel](https://www.youtube.com/@magicschoolai)",
Microsoft Copilot AI,,,,,,,,
Napkin.AI AI,"AI (Artificial intelligence), Planning",,"Quickly turn text into amazing visual aids.  Log in with your school Google account and simply paste in content or generate it with the built-in AI tool.  You will get a variety of colorful infographics, charts, etc.. from which to choose.  
You can also . . .
- Customize the fonts, colors, and icons in the visual aid that you choose.
- Choose from different versions of your selected visual aid.
- Get graphs and charts for numerical data.
- Download the visual aid in a variety of formats - pdf, png, etc...",App - Web-based,"Video: Free AI Tool to Create Beautiful Diagrams and Graphics in Seconds 
Napkin AI YouTube Channel",Loading...,Loading...,
Newsela,"Writing (WICOR), Critical Thinking, Research",,A tool for writing and research that provides leveled news articles to improve digital literacy. It allows students to practice critical thinking by analyzing current events at their specific reading level.,App - Web-based,,Loading...,,
NoRedInk,"Reading (WICOR), Writing (WICOR)",Writing,,App - Classlink,,Loading...,,
NotebookLM,"Communication, AI (Artificial intelligence), Planning","Auditory, Writing","**For Teachers Only**
An AI-powered research and note-taking tool that acts as a """"virtual assistant"""" for you. Unlike general AI chatbots, it only uses the documents YOU provide, ensuring it won't invent information. Learn more here.  
- Upload Your sources like Google Docs, PDFs, website URLs, and YouTube video transcripts. 
- Instant Summaries: NotebookLM can instantly summarize long texts, generate study guides, timelines, and FAQs, complete with citations that link back to the original source.
- Create Study Aids: Generate flashcards and quizzes.
- ""Audio Overviews"": A unique feature that transforms your sources into a podcast-like conversation with AI hosts, making learning more engaging for students. Create these to review a lot of info in an easier way.""",App - Web-based,Video: The Ultimate Guide to NotebookLM - All 2025 Features Explained,[NotebookLM](https://notebooklm.google.com/),Loading...,
NotebookLM AI,"AI (Artificial intelligence), Planning",,"Check out this personalized AI collaborator tool. The tool applies AI to ONLY the sources of info that YOU upload. You get a summary of key points, questions, connections between topics, and even a realistic podcast for you or your students to listen to! Sign in with your school Google account.",App - Web-based,Video: Google Notebook LM Just Changed Notetaking Forever,Loading...,Loading...,
Numbered Heads Together,"Collaboration (WICOR), Communication, Critical Thinking, Problem-Solving","Visual, Auditory","This oldie but goodie Kagan strategy is great for developing collaboration skills (WICOR). Follow these steps to make it happen - 
1. Group and # Students - 3-4 per group.
2. Explain the strategy - Students will get time to think and write an answer to a question. Then they share their answers in their group and arrive at consensus.  Finally, a student in each group shares their answer
3. Pose the Question/Problem - open-ended, compelling questions work best.
4. Think & Write - students individually think and write their answer (on paper or boards)
5. Heads Together - Students share their thinking in groups and come to a consensus
6. Share Out - Pick a # (ie. “#3s share your answer”). That student shares their group’s answer.  Other group members can support them if they forget or misspeak 
7. Praise, Push, and Clarify - Praise student responses, push their thinking with follow-up questions, and clarify misconceptions",Strategy,"Video: See it in Action 1
Video: See it in Action 2
Video: See it in Action 3
Uses in different subject areas
Numbered Heads Together Collaboration Strategy from AVID/WICOR Google Site
Written Instructions from Kagan",,Loading...,
One Pager,,,,,,,,
Online Crowd Buzzer by CCG,Planning,,"Are you playing a game in class in which individuals or teams need to buzz in to answer a question like a game of Jeopardy? You can host a game for students to join and access buzzers to click. As the host, you will have a list of who buzzed in first, second, third, etc… And of course, the ability to reset the buzzers.",App - Web-based,Video: CCG Buzzer Tutorial,[Online Crowd Buzzer by CCG](https://ccg.buzz/),[Video: CCG Buzzer Tutorial](https://youtu.be/6Ak2b3pdV4Q?si=h_jGDPa7crt6G6HR),
Padlet,"AI (Artificial intelligence), Collaboration (WICOR), Communication, Organization (WICOR), Planning",Visual,A digital notice board that promotes collaboration and communication in a shared space. Students can answer questions like a discussion forum or share and organization ideas and/or resources during group projects or brainstorming sessions.,App - Web-based,,Loading...,,
Paint Chip Prompts,"Writing (WICOR), Creativity/Design",Writing,"Free paint chips (aka swatches, color samples) can be used for creative writing projects.  Here’s how it works . . . 
1. Get paint chips from the hardware store - optional: holepunch and make color sets with binder rings.
2. Students categorize the chips in their groups into setting (ie “Cactus Bloom”), characters (ie “Purple Phantom”), magical objects (ie “Sunken Treasure”), plot twists, pets, villains, problems/solutions, etc... 
3. Students write a short story with a chip from each category or a quick write, poem, imagery analysis, etc.. from one category.
- Science - write a fictional story about a process (photosynthesis, meiosis). Colors are characters  
- Social Studies - pick a color(s) to represent a historical event and explain why (ie. grays - Industrial Revolution)
- Math - Calculate the probability of randomly selecting a color or set of colors (ie primary)
Students can also make their own chips. Check out this blog post for more info!",Strategy,Paint Chip Prompts: Student Writing Activities from the Hardware Aisle,,Loading...,
PBSLearningMedia,Research,,A massive library of research resources and media that supports digital literacy. It provides high-quality videos and interactives that encourage critical thinking about science and history.,Website,"Video: Teacher Tested Tips to Use PBS LearningMedia in Your Classroom
Teacher-Guide Tour of PBS LearningMedia
PBS LearningMedia YouTube Channel",Loading...,Loading...,
Pear Deck AI,AI (Artificial intelligence),,"Pear Deck now offers “Instant Pear Decks” - an AI-powered tool that creates interactive lessons based on a topic, standard, article/site, or file.  
You can now -
- create, customize, and launch an interactive slideshow in minutes! Sample lesson here!
- add answers to auto-grade multiple choice & number interactive slides.  Watch this video
- Find pre-made content in the “Orchard”
NOTE: Your free Pear Deck account blocks access to draggable and drawing interactive slides AND the teacher dashboard for live student responses w/ names.  However, teachers can project anonymous student responses in class AND export them to a spreadsheet with student names.",App - Web-based,"Video: Creating Instant Pear Decks
Video: Pear Deck Demo - How to use PearDeck in the Classroom (for educators)
Sample Lesson
Video: Pear Deck Update: Autograding + Polling
Video: Pear Deck Content - Orchard
Pear Deck YouTube Channel",Loading...,Loading...,
Perplexity AI,,,,,,,,
PlayPosit (Division-Sponsored),"Recall (Interactive games), Critical Thinking","Visual, Auditory",An interactive video tool that enhances recall and critical thinking by embedding questions directly into videos. It turns passive viewing into an active learning and data analysis experience for teachers and students.,App - Classlink,,Loading...,,
QuestionWell AI,,,,,,,,
Quick Writes,"Writing (WICOR), Critical Thinking",Writing,"This strategy asks learners to respond in 2–10 minutes to an open-ended question or prompt posed by the teacher.  The key is to ask the right ?s!  
For Example --
- What’s the worst thing about the Internet?
- Describe your ideal life 15 yrs from now.  What is something you can do every day to reach that goal?
- Which beliefs and values do you think define American culture?
- Should everyone go to college?
- Is it my job or the teacher’s job to motivate me?
- What things do you conscientiously do to feed your brain?
- What’s more important -- practice or performance?",Strategy,"Video: 60-Second Strategy - 7-minute Writes
54 Excellent, Low Stakes Writing Prompts
Quick Write Google Doc Template",Loading...,"[Video: 60-Second Strategy - 7-minute Writes
](https://www.youtube.com/watch?v=ZeaO-0_Kc3g)
[54 Excellent, Low Stakes Writing Prompts
](https://www.edutopia.org/article/54-excellent-low-stakes-writing-prompts)
[Quick Write Google Doc Template](https://docs.google.com/document/d/1KnipwFEEiDcJbjrDKOa7McoBnfwlLfRT3Yc3AR5HpMg/template/preview)",
Quizlet,Recall (Interactive games),,"A study tool centered on recall through digital flashcards and practice tests. It helps students with organization of their study materials and mastering new vocabulary or concepts.  There are fun, interactive review games too.",App - Web-based,,Loading...,,
Quizlet Live,,,,,,,,
Rally Robin Kagan Structure,"Collaboration (WICOR), Communication, Critical Thinking, SEL (Social emotional learning)",Performance,"Two students partner up and take turns orally responding to a prompt. Responses are typically short, fast-paced, and idea-based, making it ideal for brainstorming, reviewing content, or activating prior knowledge. Follow these steps - 
1.  Create Partners - Person A & Person B
2. Give a Clear Prompt - “Identify the causes 
     of the French Revolution.” “Show each step 
     to solve the equation.” “List ideas to get  
     students through the lunch line quicker.”
3. Give Clear Instructions - Students will take 
     turns contributing one idea/step at a time.
4. Set a Timer - Show a visible timer of 30-90 
    seconds for each partner to share.
5. Circulate, Listen, Coach - Help struggling pairs with hints. Praise/Redirect as needed.
6. Debrief or Share Out - Each pair shares one strong idea. “Share an idea your partner contributed.” “Share one thing you learned.”

Variations
- Students think about and write responses before the timer starts.  
- If a student is stuck, they can ask their partner for a hint or to clarify their response.
- Give students a list of sentence starters",Strategy,Rally Robin Kagan Structure One-Pager,Loading...,Loading...,
Reflection and Goal Setting,"SEL (Social emotional learning), Time Management",Writing,"Reflection Sentence Stems - Provide sentence starters to scaffold reflection
        - “One strategy that helped me learn was…”
        - “When I got stuck, I…”
        - “Next time, I will…”
    2. Learning Habits Checklist - Provide students with a checklist. Then check habits 
       once a week and reflect on one to strengthen.
       Possible Checklist Habits:
       - Asked questions
       - Took notes
       - Used feedback
       - Stayed on task
       - Participated in discussion
    3. End-of-Unit Reflection Letter - Students write a short letter to their future self.
       - What did I learn academically?
       - What learning habit improved?
       -What advice would I give myself for the next unit?
     4. Exit Ticket Goal Checks - Use exit tickets once or twice weekly focused on progress.
       -Today I worked toward my goal by…
       - One habit I used well today was…
       - One habit I need to improve is…""",Strategy,,,,
Retro Report Education,"Reading (WICOR), Research",,"Looking for engaging, ready-to-use classroom resources? Retro Report Education offers over 300 short documentary-style videos and free lesson plans that connect historical events to issues students face today. 

Subjects include:
- U.S. and World History, Civics
- Media Literacy and Language Arts
- Environmental and other Sciences
- Psychology and more.

Teachers can sign up for free to access lesson plans, student activities, and professional development opportunities. These resources are designed to spark curiosity, build critical thinking, and make class discussions more relevant.",Website,Video: How Teachers Use Retro Report,[Retro Report Education](https://retroreport.org/education/),Loading...,
RetroReport,"Research, Planning",,"A nonprofit documentary news organization that produces short films and educational resources to connect historical events with current news.
- Explore by topic or subject. 
- Lesson plans are included and the videos are about 10 minutes long.
- Subject areas include Science, US History, World History, Psychology, Geography, Civics & Government, Media and - News Literacy, and Environment.
Check out RetroReport and create a free account using your school email.",Website,"Video: Retro Report in the Classroom
RetroReport YouTube Channel",[RetroReport](https://retroreport.org/),Loading...,
Revision History Chrome Extension,,,,,,,,
Scaffold Learning,Planning,,"6 Ways to Scaffold Learning
How can you get students from “confusion to clarity?”
1. Clarity - Make instructions brief and ultra-clear.  Simplify, simplify, simplify with headings and annotations directed to key points.
2. Fill in Background Knowledge - Help students learn key terms through word walls, vocab games, KWL activities to connect what they know to new content.  
3. Multiple Representations - Provide students opportunities to interact with the content in written, picture, diagram, video, ... form.
4. Graphic Organizers/Anchor Charts - Boost comprehension/retention with a thoughtful visual scaffold that highlights key ideas/ concepts.
5. Pre-Lesson Activities - A practice quiz BEFORE the learning helps students organize thoughts, spark curiosity, and encourage educated guesses as to the right answer.
6. Ask Metacognitive ?s -  Help students become more independent by asking them: What stands out? What parts are unfamiliar?, What ?s do I have?",Strategy,6 Foundational Ways to Scaffold Student Learning,,Loading...,
SchoolAI,"AI (Artificial intelligence), Critical Thinking, Digital Literacy, Research","Visual, Writing","A specialized AI platform that creates safe, supervised ""spaces"" for students to interact with AI tutors. It promotes critical thinking and personalized writing feedback in a controlled environment where teachers can monitor all prompts and responses.",App - Web-based,,[SchoolAI](https://schoolai.com/),,
Screencastify,"Communication, Collaboration (WICOR)","Visual, Auditory, Performance",A screen recording tool that enhances communication by letting students explain their thought processes. It is excellent for reflecting on critical thinking or providing tutorials for peers.,App - Web-based,,[Screencastify](https://www.screencastify.com/),,
Sketchnote,"Creativity/Design, Organization (WICOR), Critical Thinking",Visual,"A creative way to take notes using words, visuals, and symbols turning note-taking into a visual and memorable experience.
- Start with a blank page.
- Use simple icons and drawings to represent key ideas.
- Combine headings, bullet points, arrows, and borders to organize information.
- Highlight main concepts with bold text, colors, or shapes.
- Use hierarchy by making important words larger or in bold.
- Add connectors; arrows or lines to show relationships
- Keep it simple and clear - it is about understanding, not perfection.
- Leave space for adding details later.
- Use symbols (lightbulb = ideas, star = important, question mark = unclear).
- Review and refine after the lesson to complete missing parts.
Use Sketchnote during lectures, while reading, for review, as a processing tool, for presentations, or as a reflection
Sketchnote increases focus and engagement, helps with memory retention, supports visual learners, allows for creativity, and encourages critical thinking by prioritizing key ideas",Strategy,"Video: Sketchnotes for Classrooms: Why, how, and tips
Example Sketchnotes",[Sketchnote](https://rohdesign.com/sketchnotes),Loading...,
SlidesGo AI Presentation Maker,,,,,,,,
Smithsonian Educator Resources and Learning Lab,"Critical Thinking, Research",,"A vast repository for research and digital literacy, allowing students to curate their own ""labs"" of artifacts. It fosters organization skills as students assemble primary sources for projects. Formerly TweenTribune",Website,,Loading...,,
Snorkl,"Critical Thinking, Communication",,"A tool that uses AI to provide feedback on student ""think-alouds"" and whiteboard recordings. it makes student critical thinking visible and helps teachers analyze the logic behind an answer.",App - Web-based,,[Snorkl](https://snorkl.app/),,
Snorkl AI,"AI (Artificial intelligence), Critical Thinking, Digital Literacy, Communication, Creativity/Design","Auditory, Visual","Snorkl is an AI-powered tool that lets students explain their thinking through voice recordings, drawings, or text. AI gives instant feedback on their reasoning, while teachers get a dashboard that highlights student understanding, misconceptions, and growth over time.

Use it for . . .
- Think-Alouds: Students record explanations or show work on a digital whiteboard.
- Formative Checks: Snorkl identifies patterns and misconceptions in student responses.
- Differentiation: Students choose voice, text, or drawing; AI feedback adapts to their level.
- Peer Learning: Students can view anonymous examples to learn from strong explanations.

Open Snorkl and sign in with Google, create classes, assign prompts or activities, and students join your class with a code.  Choose a ready-made activity or create your own. ",App - Web-based,"Video: Getting Started with Snorkl
Video: Snorkl! Your New Favorite AI Tool for Student Feedback",[Snorkl AI](https://snorkl.app/),"[Video: Getting Started with Snorkl
](https://youtu.be/my3_Ma3UJvc?si=sBp1dHsyeOR1zwPZ)
[Video: Snorkl! Your New Favorite AI Tool for Student Feedback](https://youtu.be/Rl0A_xmqF9k?si=goP9frjd2A9npHIx)",
Social Media Templates,"Creativity/Design, Critical Thinking","Visual, Writing",". . . for TikTok, Instagram, Snapchat, X, Facebook, and more offer students a way to show their learning in formats they know. They can . . .
- summarize their daily learning, 
- review content, 
- compare and contrast viewpoints, and
- make connections between concepts.

Lesson Ideas - 
Make a Facebook profile for an author, historical figure, leader, etc.. Include posts, friends, interests, and memories
Make a 60-sec TikTok explainer video (ie. voter registration, identify a scam, etc..)
Make an X thread related to healthy eating habits, phases of mitosis, etc..
Keep a Snapchat journal to periodically reflect on your learning and/or wellbeing
Make a series of Instagram posts for unit review - include images/captions and comments.",Website,,"[Social Media Templates](https://ditchthattextbook.com/resources/templates/#:~:text=of%20Year%20Templates-,Social%20Media%20Templates,-Airbnb%20Template%C2%A0)",,
Station Rotation,"Collaboration (WICOR), Critical Thinking, Time Management","Visual, Auditory, Writing, Performance","Keep students engaged in multiple activities (usually a mix of offline and online) and provides time for practice, preview, review, collaboration, choice, small group or individual teacher time.",Strategy,"Video: How and Why to Integrate Station Rotation into Your Classroom
Station Rotation: Save Time, Engage Students
Video: Station Rotation - Differentiating Instruction to Reach All Students",,"[Video: How and Why to Integrate Station Rotation into Your Classroom
Station Rotation: Save Time, Engage Students
](https://ditchthattextbook.com/station-rotation/)
[Video: Station Rotation - Differentiating Instruction to Reach All Students](https://youtu.be/Kg38A1ggYiE?si=epsIdMsglWmbHKDO)",
Suno,"Creativity/Design, Critical Thinking","Auditory, Performance","A generative AI tool for music, fostering creativity by allowing students to turn text prompts into original songs. It can be used to improve recall by turning academic facts into catchy lyrics. For teacher use only.",App - Web-based,,[Suno](https://suno.com/),,
Suno AI,"AI (Artificial intelligence), Critical Thinking, Digital Literacy, Recall (Interactive games)",Auditory,"Songs are catchy and memorable.  With Suno, you can create a song in minutes by . . 
- Entering a short description of your content - or even better - pasting in lyrics - created by you or the students - related to your content (ie. the process of mitosis, the branches of govt, or parts of speech)
- Adding a music genre (ie. 80s rock) 
Voilà, your song is created! Limit 10 songs/day. You can share and download it too!",App - Web-based,Video: AI Tool Demo for Teachers - Making Music with Suno,[Suno AI](https://suno.com/home),[Video: AI Tool Demo for Teachers - Making Music with Suno](https://www.youtube.com/watch?v=f7fW5P9IaBw),
Swivl Robot,"Communication, Data Analysis",Performance,"How do athletes IMPROVE?  They watch themselves on video . . so can your students.
Students can record themselves presenting something and watch it back to learn how they can improve their communication (both verbal and nonverbal), their pacing, tone, volume, inflection, posture, and much more.",App - Web-based,Video: Using Swivl Robot for Classroom Observations ,[Swivl Robot](https://www.swivl.com/),[Video: Using Swivl Robot for Classroom Observations ](https://www.youtube.com/watch?v=Pa_etQPGzv4),
Talk Detectives,"Communication, Critical Thinking",,Improve the quality of group discussions with a checklist that students use as they actively listen to their peers.  Students write down what they hear on the checklist.,Strategy,"Video Tutorial
Talk Detectives Template",,"[Video Tutorial
](https://youtu.be/juR87aAg4vM)
[Talk Detectives Template](https://docs.google.com/document/d/1z6WC2-4hFRtV0Ica2_D_Ve-jZEJTlZnPEIBWStmDPwk/template/preview)",
Talk Moves,"Critical Thinking, Communication, SEL (Social emotional learning)",Performance,"
We all cherish moments when we walk around the room and hear students having robust conversations about the topic of the day.  Copy, cut out, and paste these Talk Moves on desks to develop students’ interpersonal communication skills.",Strategy,"Video: Encourage Academic Conversations with Talk Moves
Talk Moves Template",[Talk Moves](https://drive.google.com/file/d/1hXL3tAIpYjGKdjrY2HmZPzsjmQ2nRoIn/view?usp=sharing),"[Video: Encourage Academic Conversations with Talk Moves
](https://www.youtube.com/watch?v=kSI4imt0dXg)
[Talk Moves Template](https://drive.google.com/file/d/1hXL3tAIpYjGKdjrY2HmZPzsjmQ2nRoIn/view?usp=sharing)",
TED-Ed,"Critical Thinking, Writing (WICOR)",Writing,A platform for research and communication that provides high-quality educational videos and lesson plans. It encourages critical thinking through deep-dive questions and further reading resources.,Website,,[TED-Ed](https://ed.ted.com/),,
The Internet Archive,,,,,,,,
The STRIDE Method for Word Problems,"Organization (WICOR), Critical Thinking, Problem-Solving",Writing,"Help students organize their thinking with the STRIDE Method –-
S - Survey the Problem - Read the entire problem to understand the story/context. Identify (circle/underline) all important info.  What is it asking?
T - Think About Connections  - Connect the problem to what you already know. Visualize/Draw and label the situation.
R - Reflect on the Questions - What specifically is the problem asking me to find?  What will the answer look like? Rephrase the ?
I - Identify a Strategy - What steps, operations, or procedures will help solve the problem?
D - Do the Work - Carry out your strategy.  Show your work clearly with reasoning to track your thinking process and review later.
E - Evaluate Your Answer - Check your final answer.  Does it make sense in the context of the situation?  If it does not make sense, revisit your understanding and/or strategy.",Strategy,Tackle Word Problems in STRIDE,,[Tackle Word Problems in STRIDE](https://blog.tcea.org/tackle-word-problems-in-stride/),
Think-Pair-Share,"Collaboration (WICOR), Communication, Critical Thinking","Performance, Writing","A classic strategy for sharing ideas in an organized way.  This strategy . . . 
- requires no prep, 
- helps students become better communicators and collaborators, and
provides formative assessment data for the teacher.  """,Strategy,"Video: How to Do a Think-Pair-Share
In Praise of Think-Pair-Share",,"[Video: How to Do a Think-Pair-Share
](https://youtu.be/vxMOl2Vnw54?si=ZaDRzh6EF_OUS6EH)
[In Praise of Think-Pair-Share](https://www.cultofpedagogy.com/think-pair-share/)",
Three Question Interview Strategy,"Communication, Critical Thinking, Creativity/Design",Performance,"Students actively learn through peer interviews. It reinforces lesson content, promotes movement, engagement, and deeper content understanding.
Divide the Class into 2 Groups (A & B)
Provide Questions:
- Give Group A two questions from the lesson.
- Give Group B two different questions.
- Have each student create one original question based on the material.
Partner Up:
- Group A student partners with a Group B student.
- Partners ask and answer their first question (1 minute each), then switch partners to answer the second question.
Class Discussion:
- After each question is answered, students return to their seats.
- Review answers and ask students to share their original questions.
Reflection:
- Use student responses to assess understanding and clarify key concepts.",Strategy,Video: Three Question Interview - Classroom Strategy,,[Video: Three Question Interview - Classroom Strategy](https://youtu.be/w0Lg0syNdkg?si=g2Kqdwab4RcTAKef),
Three-Step Interviews,"Communication, Critical Thinking, SEL (Social emotional learning)","Auditory, Performance","Allows students opportunities to apply different questioning strategies and reflect on understanding. They take turns acting as the interviewer, interviewee, and reporter, promoting active engagement and deep reflection. 
It helps students -
- Develop questioning skills
- Practice active listening
- Enhance reflective thinking
- Build interpersonal communication skills
Learning benefits - 
- Promotes multi-perspective understanding
- Encourages critical thinking
- Develops empathy
- Provides structured interaction
- Allows learners to experience different communication roles",Strategy,Video: Three-Step Interview,[Three-Step Interviews](https://k12teacherstaffdevelopment.com/tlb/the-three-step-interview-learning-strategy-in-the-classroom/),[Video: Three-Step Interview](https://youtu.be/6qNKBjcA590?si=QQZvWCaEc-zP_b8f),
Thumbs-Up Response,,,,,,,,
TimelineJS,,,,,,,,
Tinkercad,"Critical Thinking, Creativity/Design, Problem-Solving",Visual,A 3D design tool that fosters creativity and spatial planning. It introduces students to engineering concepts and critical thinking through hands-on digital prototyping.,App - Web-based,,[Tinkercad](https://www.tinkercad.com/),,
Virtual Field Trips,"Communication, Inquiry (WICOR)",,,Website,"49 Amazing Educational Virtual Field Trips
30 Awesome Virtual Field Trips to Bring the World Into Your Classroom
Parks (CA PORTS), Museums, and Zoos
Virtual Programs
5 Tips for Creating an Effective Virtual Field Trip",,"[49 Amazing Educational Virtual Field Trips
](https://www.weareteachers.com/best-virtual-field-trips/)
[30 Awesome Virtual Field Trips to Bring the World Into Your Classroom](https://www.boredteachers.com/post/virtual-field-trips)

[Parks (CA PORTS), Museums, and Zoos](https://www.cilc.org/educators/Find-Programs.aspx?searchtext=+&searchmode=anyword&smartsearchfilter=0&smartsearchtopics=0&smartsearchk5checkbox=&smartsearchsixeightcheckbox=&smartsearchninetwelvecheckbox=0)

[Virtual Programs
](https://wpvip.edutopia.org/wp-content/uploads/2022/10/Edutopia-Copy-Virtual-Programs-22_23-Sheet1.pdf)
[5 Tips for Creating an Effective Virtual Field Trip](https://www.edutopia.org/article/5-tips-creating-effective-virtual-field-trip/)",
Virtual Field Trips,Planning,N/A,"What better way to wrap up the school year than with a virtual field trip?  A bit of prep but free, highly engaging, and interactive! Some “trips” are live and some are recorded.  Make a plan by . . . 
1. Reviewing field trip opportunities and aligning them with your curriculum.  Check out parks (CA PORTS), museums, zoos, and more.  Here are 45 amazing ideas! And 30 more
2. Schedule a date with the tour guide or share the video tour link with your students.
3. Design your lesson - Have students do background research and prep ?s in advance. Many tours have ready-made materials.
4. Execute the lesson - Ask students to reflect on the experience and their learning.",Website,"5 Tips for Creating an Effective Virtual Field Trip 
Video: Your Student Can Visit 15 Amazing Places Without Leaving School
Video: Virtual Field Trips for Kids
Virtual Trips to Parks - spreadsheet
Virtual Field Trips to museums, zoos, and more - CILC search tool
45 Amazing Educational Virtual Field Trips
30 Awesome Virtual Field Trips",,"[5 Tips for Creating an Effective Virtual Field Trip](https://www.edutopia.org/article/5-tips-creating-effective-virtual-field-trip/)
 [
](https://www.youtube.com/watch?v=XoYGpsAa9nU)
[Video: Your Student Can Visit 15 Amazing Places Without Leaving School
](https://www.youtube.com/watch?v=XoYGpsAa9nU)
[Video: Virtual Field Trips for Kids
](https://www.youtube.com/watch?v=IemeM0rrPIE)
[Virtual Trips to Parks - spreadsheet
](https://wpvip.edutopia.org/wp-content/uploads/2022/10/Edutopia-Copy-Virtual-Programs-22_23-Sheet1.pdf)
[Virtual Field Trips to museums, zoos, and more - CILC search tool
](https://www.cilc.org/educators/Find-Programs.aspx?searchtext=+&searchmode=anyword&smartsearchfilter=0&smartsearchtopics=0&smartsearchk5checkbox=&smartsearchsixeightcheckbox=&smartsearchninetwelvecheckbox=0)
[45 Amazing Educational Virtual Field Trips](https://www.weareteachers.com/best-virtual-field-trips/)

[30 Awesome Virtual Field Trips](https://www.boredteachers.com/post/virtual-field-trips)",
Wayground (fka Quizizz),Recall (Interactive games),N/A,"Formerly Quizizz, this platform uses AI to generate assessments and personalized learning paths. It supports recall through gamified quizzes while providing teachers with instant data analysis.",App - Web-based,,[Wayground (fka Quizizz)](https://wayground.com/),,
Ways to Help Students Start Their Work,,,,,,,,
WeVideo,"Communication, Critical Thinking",Visual,"An excellent tool for students to create multimedia projects, fostering creativity while enhancing their communication and critical thinking skills. As a teacher, you can easily set up classes, invite students to join, and assign them to groups, enabling seamless collaboration on projects. This setup also allows you to monitor and access their work effortlessly. Learn how to set up classes with this video.",App - Classlink,Video: WeVideo Tutorial 2026 - How to Use WeVideo for Beginners,[WeVideo](https://www.wevideo.com/),[Video: WeVideo Tutorial 2026 - How to Use WeVideo for Beginners](https://youtu.be/7aaY4yn19w8?si=Pu64DsNILTaoq86H),
WeVideo (Division-sponsored),"Collaboration (WICOR), Communication, Creativity/Design","Visual, Auditory, Performance",A video editor that fosters creativity/design and communication by allowing students to produce professional-quality videos. Students can collaborate on projects.,App - Classlink,,[WeVideo (Division-sponsored)](https://www.wevideo.com/partners),,
WeWillWrite,"Critical Thinking, Communication, Collaboration (WICOR), Writing (WICOR)",,"A collaborative, gamified writing platform where students respond to prompts in short bursts. It uses AI to analyze literary devices and fosters communication through peer voting.",App - Web-based,"Video: WeWillWrite Intro
Fun, Low Stakes Game-ified Student Writing 
WeWillWrite YouTube Channel",[WeWillWrite](https://wewillwrite.com/),"[Video: WeWillWrite Intro
](https://www.youtube.com/watch?v=w3M1MtXQ3qE)
[Fun, Low Stakes Game-ified Student Writing](https://ditchthattextbook.com/wewillwrite/)
 
[WeWillWrite YouTube Channel](https://www.youtube.com/@WeWillWrite)",
"""Iron Chef"" EduProtocol","Communication, Collaboration (WICOR), Creativity/Design, Critical Thinking, Research","Performance, Visual","In small groups (3-4), students respond to a prompt on a shared Google slide (see template in resources) and then do a short presentation to teach the class what they have learned - similar to a jigsaw.

Sample prompts for different groups for . . .Science
- Describe the first phase of photosynthesis. 
- Describe the second phase of photosynthesis?
- What parts of the cell are involved in photosynthesis?
- What is ATP?  Explain the parts.

Sample prompts for different groups for . . .Social Studies 
- List some reasons why countries go to war.  Explain each one.
- What was the political and economic situation in Germany before WWII?
- What sparked WWII and why?
- Describe the alliances formed between countries in WWII.
- Describe the weaponry and tactics used in WWII.",Strategy,"Video: Iron Chef Lesson
Video: Iron Chef 101
Iron Chef Lesson Google Slides Template","[""Iron Chef"" EduProtocol](https://www.eduprotocols.com/ironchef)","[Video: Iron Chef Lesson
](https://www.youtube.com/watch?v=yMm1hEFz9wQ)
[Video: Iron Chef 101
](https://www.youtube.com/watch?v=zasXxrwoLdw)
[Iron Chef Lesson Google Slides Template](https://docs.google.com/presentation/d/1ByEv6S5poxL40qN6_9Y2LGkIurOttvyZcySw4ccG1cM/template/preview)",
"""Stop Thinking For Students"" Strategies",,,,,,,,
10-2-2: Updating Notes Method,"Collaboration (WICOR), Critical Thinking",Writing,"Updating Notes takes minimal preparation and it is a great way to use the 
Here’s how to do it:
- Lecture for 10 minutes
- Give students 2 minutes to share and compare their notes with a partner (collaboration).
- Give students 2 minutes to make revisions in their notes.

This technique allows students to take a break from listening, reflect, interact with peers, fill in gaps, develop joint questions as well as encouraging them to create better notes.",Strategy,"Video: 10-2-2 Method
10-2-2 Notetaking Structure
10-2-2 Presentation Method
10-2-2 AVID strategy from AVID/WICOR Google Site",,"[Video: 10-2-2 Method
](https://www.youtube.com/watch?v=7nGK-QFv9Po)
[10-2-2 Notetaking Structure
](https://drive.google.com/file/d/1rtk911wi_eExI05tjZSYlnlxYerLpiWQ/view?usp=sharing)
[10-2-2 Presentation Method](https://sites.google.com/a/isd271.org/bps-avid/avid-strategies/community-building-sel-tools#h.jen4vmcj804t)
[
](https://sites.google.com/vbschools.com/khswicor/collaboration#h.rryd0fctl6yq)
[10-2-2 AVID strategy from AVID/WICOR Google Site](https://sites.google.com/vbschools.com/khswicor/collaboration#h.rryd0fctl6yq)",
10-Day Gratitude Journal,"Writing (WICOR), SEL (Social emotional learning), Communication",Writing,"Practicing gratitude has powerful benefits for students including better mental health, greater resilience, stronger social connections, stress reduction, and a more positive mindset about the future.
A Gratitude Journal is a personal reflection (ungraded) with brief entries and optional sharing with peers or the whole class.
This article lists gratitude prompts for 15 days, but this can be shortened as needed.  Each week has a theme . . .
- Week 1: Reflecting on Our School Year\
- Week 2: Appreciating Our Present
- Week 3: Looking Forward with Gratitude
It also has activity ideas such as a gratitude circle, gratitude wall, thank-you letter writing, gratitude quotes, and even planting a gratitude garden. 
Students can continue this journal over the summer to benefit and grow even more",Strategy,End the Year with Gratitude: A 15-Day Journal Practice for Students,,[End the Year with Gratitude: A 15-Day Journal Practice for Students](https://blog.tcea.org/end-school-year-with-gratitude-15-day-journal-practice-for-students/),
6 Ways to Capture Student Attention,Planning,,"Today’s students crave constant stimulation and entertainment. Ideas to draw them in include -  Read the article for examples.
1. Surprise Them - Add novelty or something unusual/unexpected to arouse curiosity 😲.  Could be a song, odd clothes/accessory.
2. Present Odd Facts, Anomalies - Give students info that contradicts their intuition or a live demo that defies logic 🤯.
3. Invite Student Predictions - Students guess what will happen and eagerly anticipate the “Big Reveal” 😅.
4. Pose a Provocative (Hook) ? - Seek out a burning, open-ended question related to your lesson content. Students will 🤔.
5. Cite a Current Event/Issue - Raise awareness of breaking news 📰 relevant to them. Ask for their reaction/opinion.
6. Be Humorous - Use a funny joke 😂, meme, cartoon, comic strip, song, or video to give students a shot of dopamine and segue into your lesson with momentum.",Strategy,,[6 Ways to Capture Student Attention](https://www.edutopia.org/article/strategies-capture-students-attention),,
Whiteboard Relay,,,,,,,,
Word Sneak Vocabulary Game,,,,,,,,
Would You Rather? Question Generator,,,,,,,,